275.68,276.59,277.12,277.26,277.52,277.39,277.31,277.38,277.37,277.39,277.37,277.33,277.4,277.26,277.63,277.34,277.39,277.2,277.37,277.15,276.95,276.82,276.8,276.51,276.29,276.08,276.16,275.91,275.8,275.34,275.16,275.22,274.97,275.02,274.69,274.69,274.27,274.19,273.76,273.83,273.82,273.25,273.11,273.12,273.04,272.71,272.76,272.58,272.35,272.28,271.7,270.59,269.4,268.29,267.03,266.41,265.18,263.85,262.29,260.35,258.64,257.0,255.19,253.34,251.41,249.73,248.14,246.29,244.71,243.16,241.41,239.54,237.98,236.48,234.77,233.38,231.63,230.43,229.03,227.77,226.96,226.13,225.25
273.09,274.1,274.33,274.58,274.7,274.63,274.5,274.41,274.25,274.15,274.06,273.86,273.78,273.85,273.68,273.68,273.42,273.34,273.35,273.15,272.92,272.97,272.79,272.61,272.21,271.99,271.78,271.59,271.57,271.23,271.02,270.7,270.62,270.66,270.58,270.35,270.23,270.16,270.02,270.01,269.88,269.47,269.53,269.51,269.43,269.22,269.35,269.21,269.23,269.1,268.93,268.61,268.32,267.71,266.83,266.61,265.85,264.85,263.61,262.6,260.92,259.63,258.32,256.82,255.05,253.6,251.92,250.03,248.31,246.5,244.54,242.46,240.64,238.78,236.87,235.28,233.36,231.95,230.51,229.28,228.15,227.2,226.22
277.23,278.38,278.89,278.94,279.02,278.71,278.49,278.44,278.25,278.0,277.7,277.54,277.53,277.22,277.01,276.8,276.64,276.52,276.48,276.09,276.02,275.58,275.13,274.91,274.45,274.05,273.72,273.52,273.06,272.6,272.44,272.08,271.69,271.44,271.23,270.79,270.62,270.47,270.16,269.87,269.74,269.22,268.97,268.87,268.58,268.52,268.37,268.3,267.92,267.85,267.42,266.52,265.72,265.08,264.04,262.99,261.75,260.6,259.14,257.77,256.0,254.36,252.73,251.05,249.26,247.73,246.14,244.4,242.7,241.01,239.23,237.65,236.29,234.9,233.3,232.02,230.45,229.2,228.17,227.06,226.54,225.77,225.41
281.63,282.57,283.03,283.14,282.81,282.42,282.45,282.2,282.08,281.76,281.16,281.06,281.14,280.7,280.58,280.23,279.94,279.73,279.82,279.44,279.36,278.9,278.17,277.91,277.44,277.08,276.82,276.54,275.88,275.36,275.07,274.71,274.38,273.79,273.43,272.83,272.69,272.46,271.86,271.58,271.42,270.95,270.56,270.41,269.88,269.77,269.52,269.48,268.85,268.8,268.43,267.11,265.97,265.0,264.07,262.6,261.23,259.91,258.38,256.84,254.98,253.08,251.29,249.74,248.15,246.72,245.11,243.26,241.74,240.03,238.46,237.07,235.65,234.5,233.06,232.01,230.79,229.69,228.85,227.81,227.32,226.61,226.33
282.03,283.54,284.23,284.47,284.02,283.72,283.75,283.53,283.34,283.05,282.66,282.39,282.27,282.09,282.05,281.55,281.49,280.98,281.09,280.72,280.71,280.01,279.64,279.25,278.94,278.48,278.31,277.75,277.23,276.8,276.37,276.12,275.7,275.27,274.94,274.39,274.24,273.86,273.28,272.9,272.77,272.43,272.15,271.96,271.37,271.16,270.91,270.69,270.14,270.19,269.95,269.11,268.25,267.28,266.14,265.23,264.23,263.04,261.74,260.79,259.17,257.82,256.39,255.3,253.79,252.37,250.77,249.04,247.3,245.67,244.02,242.22,240.48,238.99,237.11,235.52,233.78,232.23,230.95,229.68,228.75,227.81,226.8
282.51,284.12,285.04,285.34,285.03,284.82,284.79,284.6,284.53,284.3,284.08,283.79,283.75,283.51,283.44,283.04,282.96,282.64,282.75,282.32,282.31,281.65,281.41,281.14,280.68,280.23,280.13,279.65,279.23,278.98,278.51,278.36,277.92,277.64,277.37,276.89,276.64,276.37,275.75,275.63,275.32,275.07,274.8,274.62,274.18,273.88,273.66,273.33,272.84,272.91,272.68,271.57,270.47,269.27,268.08,267.07,265.89,264.6,263.04,262.02,260.16,258.8,257.17,255.93,254.2,252.62,250.9,249.05,247.26,245.57,243.78,241.88,240.09,238.47,236.56,234.84,233.27,231.72,230.31,229.23,228.25,227.35,226.47
283.97,285.14,285.87,286.07,285.84,285.57,285.67,285.37,285.18,285.02,284.7,284.55,284.57,284.2,284.13,283.83,283.7,283.32,283.4,283.01,282.88,282.36,282.06,281.67,281.21,280.96,280.61,280.31,279.88,279.58,279.12,279.06,278.54,278.26,277.89,277.39,277.19,276.94,276.33,276.22,276.0,275.62,275.29,275.19,274.69,274.42,274.32,273.91,273.5,273.51,273.2,271.97,270.58,269.4,268.14,266.97,265.72,264.38,262.92,261.45,259.66,257.93,256.31,255.0,253.3,251.77,250.18,248.32,246.55,244.95,243.19,241.46,239.76,238.26,236.5,234.9,233.65,232.15,230.9,229.83,229.02,228.03,227.37
279.84,281.78,282.57,282.91,283.16,283.06,282.87,282.96,282.99,282.92,282.62,282.64,282.5,282.46,282.08,281.99,281.87,281.73,281.64,281.54,281.25,280.83,280.57,280.09,279.76,279.72,279.38,279.22,278.85,278.42,278.15,278.02,277.54,277.44,277.14,276.77,276.62,276.4,276.0,275.84,275.75,275.28,275.08,274.84,274.87,274.65,274.67,274.47,274.42,274.21,273.98,273.06,272.21,271.52,270.47,269.69,268.73,267.89,266.88,265.99,264.62,263.37,262.01,260.85,259.18,257.59,256.34,254.98,253.49,252.09,250.55,249.02,247.71,246.29,244.73,243.42,242.03,240.71,239.42,238.03,236.68,235.46,234.11
276.31,277.7,278.37,278.33,278.37,278.1,277.88,277.8,277.5,277.26,276.96,276.64,276.46,276.37,276.24,275.94,275.64,275.47,275.27,275.06,274.84,274.43,274.01,273.66,273.22,272.85,272.52,272.05,271.78,271.29,270.86,270.5,270.23,269.91,269.82,269.3,269.09,268.89,268.71,268.43,268.2,267.99,267.79,267.6,267.42,267.37,267.26,267.24,267.18,267.08,266.91,266.66,266.66,266.2,265.33,264.76,264.09,263.25,262.33,261.69,260.35,259.2,258.24,257.22,255.59,254.14,252.71,251.06,249.41,247.75,245.92,244.27,242.62,240.88,239.17,237.65,235.78,234.44,233.05,231.74,230.62,229.62,228.5
279.21,281.25,281.98,282.06,282.12,282.0,281.81,281.74,281.58,281.46,281.1,280.87,280.58,280.58,280.34,280.11,279.93,279.59,279.49,279.28,279.04,278.33,278.09,277.53,277.16,276.84,276.56,276.09,275.71,275.16,274.78,274.51,274.02,273.73,273.44,273.05,272.67,272.52,272.03,271.92,271.66,271.32,271.1,270.91,270.76,270.62,270.67,270.47,270.41,270.39,270.04,269.64,269.19,268.57,267.55,266.75,265.98,265.16,264.38,263.65,262.51,261.41,260.52,259.56,258.03,256.59,255.31,254.0,252.61,251.38,249.98,248.45,247.04,245.72,244.37,243.1,241.47,240.27,238.89,237.59,236.31,235.03,233.4
282.62,284.1,284.66,284.69,284.65,284.42,284.32,284.07,283.9,283.7,283.32,283.1,283.02,282.83,282.56,282.25,282.07,281.83,281.77,281.57,281.32,280.93,280.51,280.19,279.69,279.55,279.16,278.89,278.57,278.08,277.86,277.52,277.1,277.02,276.73,276.15,276.02,275.75,275.32,275.09,274.95,274.61,274.42,274.2,273.96,273.78,273.55,273.39,273.16,273.14,272.82,272.3,271.63,271.01,270.0,269.29,268.21,267.11,265.73,264.55,262.76,261.29,259.74,258.4,256.8,255.13,253.54,251.75,249.91,248.24,246.19,244.36,242.68,241.01,238.99,237.4,235.72,234.19,232.81,231.38,230.29,229.24,228.17
286.29,288.13,288.83,288.86,288.78,288.62,288.5,288.23,288.11,287.98,287.61,287.48,287.29,287.09,286.93,286.49,286.38,286.26,286.09,285.81,285.66,285.31,284.83,284.45,284.0,283.8,283.54,283.07,282.7,282.26,281.88,281.52,281.25,280.76,280.59,280.27,279.86,279.67,279.12,278.93,278.89,278.35,278.16,277.95,277.73,277.5,277.16,277.12,276.85,276.72,276.51,275.74,275.05,274.16,273.36,272.3,271.33,270.31,268.99,267.85,266.37,264.95,263.49,262.19,260.68,258.93,257.46,255.52,253.86,252.12,250.56,248.55,246.84,245.26,243.28,241.54,239.76,238.33,236.82,235.34,233.75,232.4,230.89
282.65,283.77,284.11,284.23,284.38,284.08,283.77,283.7,283.73,283.3,283.12,283.06,283.09,282.77,282.35,282.3,282.34,282.14,282.07,281.89,281.53,281.52,280.99,280.79,280.42,280.25,279.91,279.85,279.64,279.27,279.05,278.83,278.3,278.07,277.99,277.46,277.45,277.21,276.79,276.56,276.45,275.95,275.91,275.52,275.34,275.27,275.25,274.91,274.73,274.66,274.5,273.54,272.88,272.33,271.24,270.54,269.76,269.06,268.21,266.95,265.49,264.04,262.69,261.18,259.73,258.09,256.51,254.87,253.21,251.73,250.01,248.07,246.56,245.0,243.27,241.74,240.3,239.12,237.33,235.93,234.48,233.17,231.96
290.41,290.72,290.94,291.19,290.9,290.84,290.77,290.43,290.48,290.22,290.28,290.27,290.23,289.84,289.73,289.72,289.59,289.48,289.32,289.37,288.84,288.72,288.26,287.95,287.63,287.47,287.02,286.9,286.51,286.16,285.9,285.79,285.33,285.23,284.83,284.49,284.29,284.18,283.72,283.29,283.19,282.72,282.57,282.18,281.97,281.81,281.45,281.07,280.97,280.69,280.34,279.24,278.4,277.38,276.19,275.47,274.49,273.41,272.7,271.58,269.9,268.64,267.28,265.61,263.96,262.4,260.68,259.12,257.5,255.89,254.09,252.25,250.25,248.38,246.34,244.35,242.27,240.48,238.29,236.56,234.42,232.6,230.78
290.97,291.41,291.95,292.08,292.2,292.07,292.13,292.11,292.07,292.04,292.01,291.89,292.06,291.76,291.85,291.83,291.62,291.32,291.42,291.42,290.9,290.9,290.62,290.27,289.89,289.9,289.66,289.2,289.01,288.44,288.25,287.94,287.7,287.54,287.19,286.63,286.51,286.04,285.81,285.35,285.16,284.91,284.58,284.24,284.02,283.81,283.34,283.04,282.75,282.46,282.09,280.61,279.3,277.88,276.42,275.11,274.14,272.97,271.7,270.43,269.05,267.55,266.19,264.48,262.76,261.19,259.72,257.8,255.91,254.11,252.43,250.54,248.53,246.6,244.66,242.41,240.48,238.66,236.57,234.78,232.74,230.81,229.1
281.27,282.25,282.55,282.51,282.45,282.42,282.2,282.08,282.05,281.87,281.54,281.34,281.34,281.26,280.92,280.82,280.63,280.64,280.57,280.41,280.17,279.91,279.69,279.48,279.13,279.05,278.72,278.58,278.33,278.13,278.03,277.88,277.47,277.52,277.44,277.05,276.96,276.8,276.75,276.49,276.37,276.14,276.02,275.79,275.85,275.73,275.69,275.7,275.61,275.61,275.42,274.96,274.69,273.86,273.27,272.74,271.59,270.44,269.1,267.87,265.67,264.14,262.48,260.55,258.84,257.07,255.08,253.11,251.17,249.26,246.99,244.96,243.23,241.07,239.1,237.26,235.22,233.57,231.99,230.35,228.86,227.9,226.92
278.75,279.86,280.22,280.32,280.54,280.37,280.19,280.14,280.06,279.88,279.5,279.45,279.43,279.29,279.03,279.01,278.8,278.66,278.66,278.5,278.15,278.12,277.85,277.59,277.26,277.14,276.81,276.71,276.56,276.16,276.04,275.79,275.45,275.49,275.32,274.89,274.8,274.62,274.49,274.34,274.13,273.79,273.73,273.45,273.45,273.32,273.32,273.12,273.02,272.89,272.7,272.01,271.48,270.89,269.83,269.31,268.36,267.46,266.21,264.99,263.25,261.87,260.41,258.86,257.14,255.6,253.99,252.19,250.41,248.75,246.72,244.78,243.14,241.31,239.4,237.83,236.13,234.69,233.14,231.71,230.51,229.41,228.42
280.54,281.66,282.08,282.1,282.29,282.0,281.84,281.74,281.56,281.31,280.9,280.75,280.76,280.52,280.18,280.08,279.86,279.73,279.65,279.45,279.13,278.97,278.59,278.3,277.92,277.78,277.34,277.19,276.97,276.54,276.46,276.08,275.71,275.72,275.57,275.03,274.9,274.7,274.59,274.34,274.13,273.81,273.69,273.36,273.37,273.24,273.18,273.03,272.93,272.83,272.63,272.06,271.68,271.21,270.24,269.68,268.67,267.76,266.5,265.28,263.52,262.14,260.67,259.11,257.43,255.86,254.17,252.35,250.54,248.84,246.71,244.78,243.18,241.3,239.37,237.84,236.14,234.68,233.16,231.7,230.46,229.39,228.44
288.97,289.86,290.54,290.36,290.29,289.96,290.08,289.83,289.59,289.52,289.31,289.11,289.0,288.79,288.58,288.32,288.29,288.02,287.92,287.89,287.56,287.09,286.89,286.53,286.13,285.71,285.49,285.03,284.83,284.45,284.24,284.14,283.63,283.71,283.26,282.93,282.71,282.45,282.1,281.9,281.74,281.45,281.11,281.04,280.68,280.53,280.46,280.35,279.93,279.84,279.62,279.0,278.11,276.85,275.73,274.47,273.15,271.99,270.71,269.4,267.38,265.82,264.29,262.83,261.06,259.06,257.42,255.56,253.57,251.68,249.79,247.75,245.77,243.91,241.45,239.49,237.22,235.18,233.26,231.68,229.88,228.3,226.83
285.2,286.75,287.6,287.69,287.44,287.23,287.16,286.83,286.78,286.6,286.38,286.08,285.94,285.66,285.64,285.16,285.11,284.71,284.84,284.44,284.39,283.66,283.38,283.16,282.62,282.27,282.13,281.59,281.2,280.88,280.39,280.22,279.76,279.48,279.22,278.8,278.39,278.17,277.49,277.45,277.14,276.86,276.59,276.43,275.99,275.71,275.43,275.23,274.7,274.72,274.56,273.74,272.73,271.54,270.56,269.55,268.45,267.25,265.71,264.7,262.96,261.55,259.95,258.84,257.17,255.39,253.82,251.87,250.13,248.35,246.63,244.69,242.85,241.26,239.27,237.45,235.81,234.33,232.8,231.67,230.54,229.52,228.37
282.77,284.22,285.05,285.18,285.19,285.07,285.12,284.86,284.96,284.87,284.83,284.63,284.71,284.48,284.37,284.13,284.11,283.98,283.93,283.65,283.56,283.2,282.98,282.82,282.25,282.12,281.83,281.58,281.35,280.98,280.73,280.63,280.3,280.16,279.96,279.61,279.37,279.16,278.67,278.63,278.34,278.1,277.92,277.72,277.51,277.26,276.92,276.75,276.57,276.38,276.12,275.18,274.08,272.96,271.84,270.9,269.68,268.28,266.8,265.56,263.65,262.14,260.52,259.11,257.33,255.57,253.8,252.0,250.15,248.41,246.4,244.43,242.75,240.98,238.89,237.18,235.43,233.85,232.33,230.98,229.7,228.66,227.45
286.55,287.36,287.66,287.55,287.33,287.25,287.1,286.77,286.71,286.38,286.14,286.03,285.87,285.59,285.44,285.2,285.17,285.1,284.89,284.86,284.55,284.19,283.89,283.55,283.25,283.02,282.73,282.43,282.02,281.82,281.62,281.5,281.0,281.09,280.81,280.38,280.19,280.04,279.71,279.48,279.33,279.01,278.8,278.63,278.46,278.35,278.27,278.23,278.02,278.01,277.82,277.44,277.01,275.95,275.24,274.29,273.16,272.18,271.19,270.09,268.03,266.48,265.14,263.59,262.03,260.17,258.5,256.59,254.64,252.74,250.74,248.66,246.94,244.88,242.78,240.83,238.72,236.94,235.09,233.49,231.56,230.33,228.78
285.45,286.1,286.34,286.25,286.19,285.98,285.75,285.55,285.53,285.07,284.95,284.78,284.65,284.39,284.12,283.99,283.96,283.9,283.74,283.62,283.22,283.17,282.7,282.47,282.17,281.98,281.61,281.49,281.14,280.84,280.74,280.55,279.97,279.87,279.72,279.23,279.12,278.91,278.53,278.33,278.13,277.74,277.64,277.36,277.15,277.03,276.96,276.74,276.64,276.55,276.19,275.65,275.19,274.46,273.47,272.53,271.47,270.71,269.84,268.63,266.84,265.37,264.18,262.61,261.15,259.43,257.66,255.79,254.0,252.24,250.32,248.25,246.54,244.48,242.47,240.71,238.76,237.17,235.29,233.67,231.81,230.55,228.99
286.18,288.35,289.26,289.4,289.19,289.12,288.94,288.7,288.61,288.3,288.06,287.71,287.49,287.33,287.29,286.72,286.74,286.48,286.38,286.07,286.0,285.51,285.11,284.72,284.33,283.98,283.69,283.15,282.77,282.23,281.86,281.41,281.15,280.75,280.43,280.16,279.65,279.38,278.85,278.66,278.4,278.11,277.8,277.64,277.26,277.04,276.73,276.64,276.17,276.22,275.94,275.21,274.52,273.48,272.63,271.5,270.57,269.51,268.23,267.2,265.74,264.64,263.24,262.03,260.54,258.88,257.43,255.57,254.03,252.23,250.8,248.91,247.2,245.69,243.8,242.17,240.4,238.85,237.36,235.91,234.29,233.0,231.39
282.49,284.83,286.01,286.36,286.51,286.45,286.38,286.36,286.44,286.41,286.01,286.05,285.94,285.72,285.58,285.43,285.37,285.21,285.1,284.9,284.83,284.52,284.08,283.85,283.48,283.29,283.0,282.61,282.29,281.77,281.53,281.16,281.01,280.61,280.58,280.17,279.83,279.55,279.3,279.1,278.95,278.51,278.32,278.08,278.0,277.76,277.53,277.35,277.23,277.02,276.81,275.66,274.98,273.86,273.16,271.85,270.86,269.74,268.5,267.58,266.11,265.0,263.62,262.21,260.57,258.95,257.74,256.01,254.49,252.82,251.27,249.65,248.19,246.78,245.27,243.81,242.4,240.96,239.66,238.18,236.76,235.44,234.02
286.27,287.46,287.89,287.98,287.98,287.78,287.78,287.66,287.7,287.43,287.41,287.29,287.28,287.03,286.95,286.77,286.8,286.64,286.42,286.31,286.0,285.92,285.52,285.17,284.79,284.66,284.31,283.95,283.64,283.2,282.93,282.78,282.28,281.95,281.68,281.26,280.86,280.64,280.03,279.79,279.68,279.08,278.9,278.56,278.27,278.04,277.64,277.32,277.19,276.86,276.53,275.43,274.49,273.46,272.25,271.07,270.14,269.28,268.57,267.41,265.99,264.68,263.46,262.39,261.02,259.42,258.05,256.33,254.64,253.27,251.68,249.83,248.3,246.66,244.58,242.98,241.17,239.78,238.01,236.51,234.59,233.12,231.51
290.62,292.18,293.28,293.55,293.56,293.31,293.23,293.31,292.99,292.77,292.54,292.49,292.38,292.23,291.77,291.71,291.51,291.11,291.16,290.93,290.84,290.36,289.88,289.48,289.23,288.82,288.4,287.94,287.63,287.06,286.85,286.5,286.04,285.71,285.36,284.97,284.68,284.42,284.17,283.77,283.66,283.39,283.02,282.75,282.45,282.08,281.81,281.52,281.24,280.99,280.55,279.18,277.44,276.36,274.89,273.62,272.16,270.46,268.61,267.07,265.24,263.64,261.83,260.05,258.25,256.48,254.81,252.96,250.91,248.86,247.25,245.3,243.45,241.61,239.58,237.84,235.76,233.67,232.1,230.37,228.46,227.08,225.79
285.04,286.87,287.94,288.45,288.67,288.73,288.68,288.89,288.95,288.93,288.98,289.17,289.24,289.26,289.15,289.14,289.22,288.99,288.97,288.98,288.82,288.48,288.56,288.33,288.01,287.84,287.39,287.21,286.8,286.72,286.43,286.06,285.95,285.64,285.41,285.02,284.67,284.46,284.13,284.0,283.65,283.4,283.11,282.78,282.52,282.2,281.82,281.5,281.12,280.88,280.39,278.79,276.99,275.2,273.45,271.69,270.35,268.83,267.14,265.76,264.13,262.42,261.08,259.7,257.78,256.29,254.57,252.61,250.81,248.86,247.13,245.02,243.34,241.44,239.43,237.59,235.74,233.98,232.02,230.45,228.8,227.38,226.23
291.56,293.38,294.63,295.17,295.24,295.12,294.93,295.02,294.58,294.42,294.07,294.13,293.99,293.82,293.31,293.36,292.98,292.76,292.77,292.52,292.34,291.86,291.45,291.04,290.67,290.36,289.72,289.36,288.8,288.39,288.07,287.68,287.08,286.7,286.28,285.96,285.54,285.22,285.11,284.46,284.28,283.95,283.55,283.23,282.89,282.4,282.15,281.73,281.44,281.1,280.69,279.06,277.21,275.97,274.33,273.12,271.68,269.86,268.11,266.72,264.83,263.4,261.82,259.95,258.34,256.76,254.94,253.38,251.28,249.37,247.87,246.01,244.17,242.35,240.71,239.04,237.05,234.9,233.4,231.85,229.82,228.39,226.98
287.23,288.89,289.91,290.36,290.45,290.57,290.42,290.75,290.77,290.8,290.76,290.82,291.05,290.98,290.79,290.88,290.91,290.65,290.68,290.7,290.54,290.13,290.05,289.89,289.7,289.4,288.81,288.65,288.24,288.15,287.95,287.42,287.3,287.0,286.81,286.18,286.07,285.65,285.52,285.35,285.04,284.75,284.45,284.08,283.76,283.42,283.12,282.78,282.29,282.12,281.53,279.9,278.05,276.3,274.47,272.69,271.26,269.71,267.84,266.55,264.8,263.02,261.54,260.19,258.16,256.7,254.95,253.07,250.96,249.07,247.15,245.06,243.33,241.32,239.25,237.24,235.25,233.34,231.21,229.4,227.56,226.14,224.68
294.18,295.95,297.15,297.64,297.73,297.68,297.41,297.36,297.11,296.92,296.8,296.67,296.56,296.31,295.97,295.9,295.52,295.5,295.42,295.25,294.93,294.58,294.04,293.87,293.39,292.99,292.45,292.15,291.63,291.19,290.98,290.46,289.94,289.57,289.19,288.9,288.38,288.07,287.7,287.34,287.08,286.7,286.22,285.81,285.5,285.18,284.82,284.41,284.07,283.73,283.39,281.72,279.77,278.31,276.71,275.39,274.12,272.35,270.75,269.53,267.85,266.68,265.09,263.44,261.71,260.06,258.17,256.67,254.63,252.77,251.18,249.32,247.45,245.7,244.0,242.18,240.07,238.02,236.15,234.41,232.37,230.68,228.88
292.98,293.35,293.9,293.99,293.8,293.9,293.79,293.84,293.7,293.65,293.76,293.51,293.74,293.51,293.25,293.29,293.11,292.96,293.0,292.91,292.52,292.32,291.9,291.71,291.42,291.11,290.57,290.34,289.93,289.39,289.35,289.02,288.82,288.55,288.17,287.68,287.65,287.04,286.87,286.55,286.45,286.1,285.98,285.33,285.19,284.74,284.3,284.13,283.81,283.5,283.06,281.48,280.17,278.69,277.11,275.68,274.5,273.19,271.68,270.28,268.47,267.06,265.46,263.75,261.89,260.27,258.13,256.67,254.33,252.31,250.38,248.39,246.55,244.44,242.29,240.27,237.96,235.76,233.79,232.09,230.01,228.14,226.29
291.6,292.77,293.72,293.88,293.66,293.33,293.24,293.09,292.72,292.51,292.12,291.71,291.79,291.53,291.1,290.89,290.63,290.22,290.05,289.85,289.87,289.0,288.71,288.33,287.74,287.49,287.0,286.53,286.02,285.66,284.98,284.8,284.51,283.89,283.59,283.03,282.68,282.35,281.95,281.68,281.51,281.06,280.76,280.4,280.15,279.67,279.4,279.2,278.73,278.52,278.08,277.04,275.63,274.56,273.23,271.8,270.77,269.22,267.49,266.19,264.39,262.69,261.22,259.65,258.04,256.33,254.59,252.65,250.85,249.09,247.43,245.54,243.72,242.02,239.75,238.09,236.22,234.38,232.77,231.33,229.87,228.37,227.01
291.54,293.02,294.09,294.41,294.29,294.14,293.99,293.92,293.59,293.37,293.02,292.89,292.89,292.6,292.09,292.06,291.78,291.36,291.39,291.22,291.09,290.43,290.08,289.71,289.28,289.0,288.39,288.01,287.43,287.02,286.6,286.24,285.85,285.45,285.07,284.56,284.29,283.98,283.8,283.4,283.12,282.84,282.55,282.18,281.89,281.28,281.19,280.88,280.48,280.19,279.73,278.34,276.64,275.47,273.87,272.47,271.12,269.4,267.41,266.02,264.14,262.42,260.78,258.97,257.25,255.46,253.62,251.83,249.68,247.78,246.15,244.26,242.39,240.55,238.5,236.9,234.97,232.79,231.27,229.97,228.33,226.89,225.55
293.02,295.04,296.38,296.97,297.16,297.18,296.8,296.77,296.58,296.35,296.26,295.97,295.96,295.7,295.33,295.27,294.93,295.01,294.9,294.63,294.39,294.03,293.55,293.31,292.9,292.44,291.91,291.64,291.11,290.65,290.34,289.76,289.34,288.92,288.63,288.25,287.78,287.37,287.0,286.61,286.34,285.94,285.61,285.01,284.79,284.41,284.02,283.63,283.24,282.86,282.47,280.75,278.91,277.42,275.73,274.31,273.14,271.4,269.84,268.61,267.08,265.97,264.57,262.99,261.37,259.73,258.02,256.55,254.63,252.89,251.24,249.42,247.67,245.86,244.18,242.46,240.5,238.5,236.59,235.0,232.95,231.22,229.39
280.6,282.2,282.78,282.75,282.88,282.65,282.51,282.33,282.17,282.03,281.57,281.43,281.23,281.14,280.82,280.56,280.31,280.14,280.03,279.8,279.52,279.03,278.67,278.24,277.82,277.66,277.3,276.98,276.63,276.11,275.84,275.55,275.08,274.92,274.72,274.22,274.02,273.81,273.42,273.23,273.01,272.73,272.46,272.23,272.16,272.07,272.01,271.85,271.8,271.72,271.49,271.05,270.63,270.13,269.23,268.64,267.74,266.84,265.78,264.78,263.26,261.94,260.69,259.49,257.91,256.3,254.86,253.29,251.71,250.23,248.39,246.69,245.2,243.64,241.98,240.59,238.95,237.71,236.24,234.93,233.76,232.62,231.39
279.43,280.87,281.63,281.92,282.1,281.97,281.89,281.9,281.81,281.86,281.5,281.5,281.44,281.44,281.3,281.16,281.04,280.78,280.88,280.7,280.42,280.19,280.06,279.77,279.35,279.17,278.87,278.71,278.44,278.01,277.77,277.64,277.25,277.26,276.85,276.42,276.22,275.96,275.54,275.35,275.16,274.79,274.57,274.4,274.12,273.87,273.75,273.36,273.12,272.98,272.54,271.5,270.33,269.38,267.97,267.16,266.04,264.91,263.54,262.22,260.61,259.15,257.67,256.41,254.71,253.18,251.69,250.08,248.37,246.84,245.07,243.38,241.71,240.15,238.21,236.75,235.23,233.7,232.29,231.01,230.04,228.91,227.83
287.87,289.64,290.55,290.87,290.77,290.58,290.5,290.27,290.16,290.04,289.79,289.54,289.58,289.32,289.14,288.9,288.73,288.41,288.26,288.11,287.94,287.27,287.07,286.86,286.35,286.06,285.6,285.07,284.67,284.51,283.94,283.72,283.24,282.7,282.44,281.97,281.55,281.13,280.59,280.4,280.12,279.59,279.33,279.1,278.61,278.29,277.91,277.43,276.96,276.82,276.39,275.25,273.7,272.44,271.12,269.51,268.45,267.3,265.86,264.73,263.3,261.73,260.41,259.37,257.92,256.4,254.92,253.17,251.53,249.94,248.5,246.65,244.89,243.36,241.19,239.48,238.0,236.52,234.93,233.4,232.14,230.69,229.34
282.47,285.24,286.69,287.12,287.42,287.36,287.49,287.68,287.65,287.59,287.34,287.49,287.51,287.25,287.21,287.18,286.99,287.06,286.83,286.54,286.63,286.49,286.1,285.94,285.68,285.42,285.02,284.69,284.46,284.2,283.93,283.55,283.47,283.04,282.9,282.64,282.23,282.07,281.79,281.41,281.04,280.8,280.47,280.24,280.01,279.72,279.53,279.1,278.78,278.49,278.31,276.6,275.37,273.93,272.78,271.18,269.93,268.59,267.35,266.15,264.7,263.49,261.99,260.64,258.97,257.43,255.98,254.35,252.93,251.2,249.77,247.97,246.46,244.97,243.52,242.01,240.75,239.2,237.79,236.16,234.76,233.32,232.33
290.22,292.19,293.67,294.07,294.07,293.89,293.73,293.75,293.38,293.23,292.87,292.65,292.56,292.4,291.88,291.86,291.5,291.19,291.08,290.8,290.71,290.08,289.77,289.31,288.89,288.54,288.0,287.54,287.03,286.61,286.04,285.71,285.26,284.77,284.54,283.93,283.51,283.14,282.84,282.33,282.06,281.72,281.39,281.07,280.69,280.33,280.04,279.68,279.26,279.15,278.69,277.49,276.09,274.99,273.71,272.37,271.24,269.76,268.13,267.03,265.25,263.85,262.55,260.89,259.37,257.83,256.3,254.61,253.06,251.19,249.81,248.15,246.36,244.65,242.71,241.02,239.25,237.31,235.83,234.15,232.22,230.67,229.11
291.18,292.29,293.3,293.29,293.13,292.9,292.89,292.58,292.43,292.1,291.74,291.64,291.7,291.43,290.96,290.76,290.66,290.1,290.1,289.85,289.78,289.24,288.82,288.45,288.0,287.72,287.22,286.88,286.3,285.78,285.2,285.03,284.81,284.21,283.88,283.3,283.11,282.65,282.5,282.05,281.74,281.61,281.18,280.8,280.61,279.96,279.69,279.5,279.15,278.81,278.36,276.86,275.07,273.84,272.38,270.75,269.21,267.48,265.64,263.99,261.92,259.99,258.3,256.3,254.53,252.69,250.9,248.91,247.07,245.17,243.75,242.02,240.29,238.82,237.04,235.5,234.15,232.52,231.14,230.21,228.98,227.83,227.19
287.22,288.68,289.64,289.75,289.93,289.93,289.84,290.0,290.0,289.98,290.01,289.95,290.11,290.05,289.81,289.85,289.87,289.61,289.61,289.73,289.46,289.15,288.92,288.81,288.58,288.17,287.7,287.45,287.22,287.04,286.91,286.41,286.19,286.08,285.68,285.26,285.07,284.67,284.61,284.39,284.08,283.89,283.6,283.2,282.99,282.56,282.34,282.1,281.57,281.36,280.82,279.31,277.56,275.96,274.14,272.23,270.6,269.27,267.34,265.83,263.98,262.08,260.5,259.07,257.01,255.32,253.43,251.51,249.33,247.36,245.38,243.28,241.57,239.5,237.22,235.27,233.2,231.24,229.21,227.68,226.01,224.67,223.36
295.17,296.34,297.27,297.6,297.51,297.55,297.3,297.34,297.08,296.92,297.16,296.75,296.67,296.45,296.26,296.21,295.91,295.86,295.78,295.72,295.47,295.16,294.7,294.55,294.23,293.93,293.35,292.99,292.65,292.31,292.31,291.64,291.33,291.02,290.79,290.36,289.92,289.75,289.39,289.1,288.87,288.52,288.1,287.59,287.45,286.99,286.83,286.41,286.04,285.77,285.43,283.7,281.49,279.83,277.96,276.47,274.95,273.32,271.48,270.18,268.44,266.99,265.22,263.55,261.59,259.64,257.53,255.8,253.47,251.46,249.55,247.6,245.63,243.69,241.82,239.53,237.55,235.4,233.33,231.45,229.61,228.09,226.06
293.01,293.08,293.32,293.35,293.57,293.73,293.57,293.86,293.86,294.14,294.45,294.75,294.87,294.84,294.95,294.8,294.73,294.54,294.74,294.73,294.57,294.4,294.37,294.24,294.0,293.85,293.64,293.41,293.25,292.91,292.9,292.55,292.51,292.11,291.95,291.53,291.33,291.02,290.62,290.26,290.1,289.84,289.46,289.08,288.72,288.5,288.02,287.84,287.38,286.97,286.35,284.87,282.98,281.15,279.48,277.74,276.12,274.93,273.52,272.19,270.57,268.93,267.43,265.68,263.75,262.2,260.3,258.29,256.57,254.56,252.86,250.94,248.88,247.28,245.47,243.42,241.56,240.1,238.0,236.18,234.23,232.5,230.54
288.22,288.97,289.28,289.63,289.54,289.4,289.34,289.38,289.1,289.11,288.81,288.96,288.94,288.81,288.59,288.63,288.26,288.46,288.31,288.12,288.02,287.92,287.75,287.42,287.25,286.97,287.07,286.85,286.62,286.58,286.49,286.08,286.04,285.99,286.1,285.71,285.56,285.56,285.5,285.21,285.2,284.94,284.97,284.84,284.72,284.77,284.66,284.5,284.57,284.25,284.21,283.37,282.52,281.16,280.53,278.9,277.5,276.09,274.69,273.28,271.59,270.0,268.23,266.35,264.67,263.03,261.44,259.74,257.89,256.24,254.31,252.6,250.7,249.31,247.49,246.24,244.6,242.74,240.89,239.26,237.67,235.82,234.23
285.7,287.61,288.58,289.06,289.17,288.99,289.12,288.98,288.97,288.98,288.89,288.9,289.0,288.8,288.63,288.51,288.39,288.31,288.03,287.9,287.85,287.42,287.24,287.08,286.58,286.35,285.96,285.54,285.22,284.94,284.64,284.37,283.94,283.45,283.19,282.85,282.5,282.06,281.59,281.29,281.05,280.55,280.33,280.01,279.6,279.27,278.83,278.32,277.99,277.59,277.3,275.88,274.28,272.96,271.41,269.88,268.76,267.59,266.47,265.2,263.8,262.31,261.19,260.2,258.73,257.28,255.81,254.2,252.52,251.01,249.63,247.75,246.07,244.46,242.43,240.8,239.21,237.7,236.13,234.61,233.22,231.59,230.22
287.23,289.31,290.52,290.99,291.16,291.18,291.08,291.41,291.44,291.21,291.32,291.22,291.47,291.4,291.17,291.11,291.17,290.93,290.87,290.68,290.67,290.29,290.07,289.8,289.68,289.24,288.81,288.52,288.23,288.04,287.77,287.32,287.06,286.72,286.48,285.97,285.77,285.44,285.15,284.97,284.61,284.38,283.96,283.57,283.28,283.09,282.82,282.39,281.91,281.69,281.33,279.7,277.97,276.45,274.82,273.28,271.86,270.38,268.79,267.45,265.86,264.3,262.88,261.49,259.65,258.23,256.76,254.96,253.16,251.28,249.66,247.77,246.19,244.36,242.54,240.54,238.68,236.78,234.94,232.9,230.93,229.28,228.0
291.66,293.74,295.09,295.77,296.01,295.98,295.68,295.76,295.62,295.4,295.38,295.18,295.21,294.99,294.64,294.67,294.4,294.44,294.35,294.07,293.92,293.54,293.08,292.86,292.53,292.11,291.55,291.22,290.71,290.29,290.11,289.48,289.06,288.61,288.37,287.97,287.57,287.14,286.91,286.42,286.25,285.89,285.52,284.87,284.66,284.34,283.9,283.55,283.12,282.79,282.39,280.63,278.8,277.36,275.57,274.18,272.94,271.16,269.54,268.28,266.6,265.38,263.95,262.37,260.71,259.2,257.48,256.05,254.02,252.26,250.65,248.82,247.09,245.31,243.67,241.9,239.9,237.9,236.01,234.34,232.18,230.63,228.79
288.13,289.95,291.14,291.78,291.91,292.17,291.84,292.36,292.47,292.38,292.57,292.48,292.85,292.87,292.64,292.72,292.81,292.66,292.65,292.54,292.53,292.22,292.03,291.88,291.85,291.44,290.93,290.64,290.1,290.15,289.98,289.39,289.09,288.75,288.66,287.89,287.9,287.36,287.31,286.84,286.74,286.47,286.06,285.46,285.21,284.88,284.44,284.09,283.51,283.29,282.78,280.84,278.78,277.08,274.95,273.27,271.77,270.11,268.24,267.08,265.28,263.72,262.15,260.75,258.82,257.45,255.8,254.1,251.92,250.01,248.23,246.23,244.55,242.74,240.89,238.76,236.94,235.03,232.94,230.98,228.95,227.61,225.86
293.66,295.31,296.65,297.32,297.25,297.36,297.21,297.33,297.11,296.99,297.04,297.04,297.0,296.91,296.55,296.58,296.3,296.36,296.29,296.12,296.01,295.78,295.09,294.98,294.77,294.41,293.8,293.61,292.94,292.54,292.62,292.06,291.58,291.1,290.87,290.33,290.12,289.59,289.5,288.83,288.78,288.48,287.88,287.39,286.97,286.7,286.27,285.84,285.49,285.15,284.67,282.73,280.37,278.76,276.76,275.4,273.84,271.91,270.29,269.02,267.23,265.98,264.33,262.59,260.79,259.26,257.14,255.67,253.31,251.26,249.58,247.57,245.58,243.85,242.31,240.29,238.19,236.07,234.07,232.12,229.99,228.42,226.59
292.37,293.85,294.97,295.58,295.53,295.84,295.52,295.8,295.77,295.52,296.07,295.88,295.94,295.87,295.6,295.78,295.62,295.7,295.66,295.53,295.44,295.25,294.7,294.73,294.64,294.27,293.65,293.41,292.89,292.67,292.8,292.1,291.76,291.34,291.32,290.66,290.54,290.05,289.92,289.43,289.32,289.09,288.73,287.82,287.68,287.25,286.97,286.52,286.02,285.76,285.15,283.28,280.87,279.08,276.73,275.11,273.4,271.63,269.81,268.66,266.72,265.31,263.76,262.17,260.26,258.62,256.45,254.87,252.31,250.34,248.3,246.23,244.29,242.43,240.69,238.33,236.36,234.27,231.98,230.18,228.13,226.72,224.7
290.23,291.22,292.07,292.39,292.56,292.33,292.38,292.46,292.34,292.31,292.23,292.03,292.1,291.91,291.76,291.86,291.64,291.45,291.45,291.19,291.02,290.7,290.56,290.18,289.95,289.61,289.27,288.99,288.64,288.21,288.16,287.64,287.58,287.22,287.02,286.38,286.33,285.83,285.78,285.34,285.24,284.9,284.77,284.3,284.11,283.84,283.6,283.35,283.03,282.73,282.37,280.99,279.42,278.04,276.49,274.96,273.75,272.3,270.72,269.34,267.71,265.99,264.52,262.82,260.96,259.28,257.71,255.84,253.82,252.0,250.06,248.12,246.14,244.19,242.19,240.1,238.15,236.23,234.15,232.26,230.28,228.43,226.79
285.61,286.95,287.66,288.0,288.02,288.0,288.04,288.3,288.22,288.2,287.9,288.23,288.2,288.22,287.99,288.2,288.02,288.01,287.83,287.63,287.7,287.63,287.5,287.08,287.1,286.99,287.03,286.6,286.45,286.42,286.33,286.06,285.98,285.85,285.89,285.58,285.31,285.33,285.3,284.97,284.99,284.52,284.47,284.22,284.1,284.2,284.03,283.68,283.57,283.33,283.01,281.78,280.65,279.01,277.82,276.25,274.68,273.16,271.86,270.27,268.48,266.96,265.3,263.28,261.56,259.89,258.28,256.4,254.43,252.84,250.96,249.02,247.21,245.7,244.03,242.46,240.53,238.71,236.98,234.99,233.17,231.63,230.62
293.31,294.79,295.92,296.4,296.41,296.44,296.29,296.32,296.25,296.04,296.28,296.1,296.05,295.86,295.65,295.66,295.42,295.42,295.36,295.2,294.99,294.75,294.18,294.15,293.86,293.5,292.99,292.66,292.19,291.81,291.89,291.37,290.9,290.49,290.39,289.91,289.61,289.23,288.94,288.56,288.44,288.19,287.74,287.16,286.96,286.65,286.29,285.87,285.52,285.24,284.82,283.13,281.03,279.49,277.57,276.16,274.7,272.92,271.26,269.99,268.23,266.9,265.28,263.62,261.81,260.09,258.11,256.5,254.27,252.28,250.48,248.52,246.66,244.84,243.13,240.95,238.85,236.8,234.75,232.83,230.78,229.21,227.25
291.8,292.6,293.31,293.8,293.97,294.29,293.94,294.41,294.55,294.64,295.03,295.21,295.37,295.49,295.39,295.44,295.37,295.4,295.55,295.35,295.32,295.21,295.06,295.02,294.93,294.71,294.32,294.25,293.75,293.48,293.58,293.0,292.91,292.39,292.41,291.78,291.63,291.18,290.87,290.32,290.27,290.05,289.78,288.9,288.71,288.4,287.9,287.64,287.11,286.68,285.96,284.16,281.89,279.99,277.74,275.85,274.35,272.78,271.23,270.03,268.36,266.81,265.6,263.88,262.05,260.56,258.6,256.67,254.67,252.76,250.93,248.8,246.84,245.23,243.53,241.42,239.56,237.9,235.57,233.84,231.8,230.22,228.04
297.83,299.92,301.35,302.39,302.2,302.36,301.79,301.99,301.66,301.43,301.29,301.11,300.85,300.7,300.52,300.15,300.14,300.04,299.85,299.85,299.54,299.23,298.79,298.33,298.13,297.67,297.3,296.72,296.12,295.88,295.69,294.98,294.62,294.06,293.64,293.19,292.79,292.34,291.95,291.68,291.24,290.77,290.54,289.69,289.3,288.92,288.43,287.94,287.71,287.17,286.73,284.43,282.33,280.41,278.31,276.58,275.08,273.36,271.8,270.33,268.94,267.89,266.45,264.64,262.94,261.21,259.34,257.75,255.69,254.05,252.17,250.42,248.68,247.07,245.4,243.97,242.2,240.42,238.66,237.18,235.49,233.61,231.75
294.23,294.58,294.99,295.23,295.01,294.91,294.95,294.74,294.73,294.55,294.53,294.63,294.56,294.31,294.14,294.15,293.86,293.84,293.58,293.53,293.23,293.15,292.74,292.35,292.09,291.71,291.38,291.21,290.94,290.5,290.26,290.05,289.91,289.59,289.26,288.91,288.8,288.38,288.11,287.85,287.74,287.37,287.33,286.79,286.64,286.28,285.88,285.58,285.4,285.19,284.74,283.36,281.96,280.64,279.26,277.93,276.53,275.25,274.14,272.75,271.29,270.09,268.77,267.29,265.77,264.33,262.64,261.13,259.43,257.64,255.9,254.14,252.33,250.57,248.64,246.77,244.77,242.89,240.97,239.22,237.23,235.44,233.78
297.83,298.96,299.74,299.89,299.84,299.82,299.43,299.4,299.1,299.07,298.84,298.68,298.56,298.19,298.03,297.67,297.59,297.3,297.26,297.14,296.8,296.37,296.01,295.53,295.07,294.73,294.26,293.8,293.51,293.02,292.85,292.56,292.03,291.89,291.44,291.0,290.66,290.44,289.94,289.8,289.47,289.19,288.76,288.48,288.22,287.81,287.59,287.19,286.97,286.73,286.34,284.76,283.18,281.41,279.92,278.41,277.15,275.62,274.37,273.08,271.6,270.49,269.01,267.2,265.55,263.93,262.29,260.53,258.85,256.99,255.28,253.53,251.59,249.93,248.09,246.25,244.36,242.51,241.07,239.32,237.59,235.66,233.99
294.93,295.12,295.6,295.71,295.76,296.06,295.83,296.28,296.2,296.43,296.95,297.1,297.38,297.4,297.51,297.39,297.23,297.13,297.27,297.3,297.16,296.84,296.87,296.87,296.57,296.39,296.09,295.94,295.81,295.5,295.56,295.22,295.25,294.77,294.59,294.24,294.04,293.57,293.33,292.84,292.59,292.34,291.8,291.44,291.06,290.69,290.51,290.14,289.7,289.2,288.55,287.03,285.04,283.05,281.1,279.31,277.38,276.24,274.97,273.46,271.66,270.02,268.29,266.59,264.53,262.81,260.78,258.77,256.89,254.77,252.92,250.93,249.07,247.33,245.62,243.53,241.52,239.85,237.67,235.62,233.75,231.91,230.15
299.49,300.8,302.24,303.03,302.55,302.78,302.33,302.6,302.39,302.32,302.23,302.1,301.92,302.02,301.9,301.87,301.5,301.56,301.41,301.44,301.34,300.95,300.46,300.23,300.11,299.79,299.33,298.89,298.17,298.18,298.25,297.65,297.44,296.97,296.56,296.03,295.7,295.13,294.73,294.27,294.04,293.84,293.19,292.36,291.94,291.58,291.37,290.79,290.41,290.0,289.7,287.58,285.11,283.26,280.64,279.39,277.7,275.96,274.6,273.06,271.21,269.95,268.36,266.62,264.85,263.13,260.97,259.52,257.21,255.2,252.98,251.04,249.1,247.4,245.73,243.83,241.54,239.43,237.36,235.11,233.12,231.2,229.33
296.26,296.61,297.2,297.45,297.33,297.6,297.35,297.74,297.68,297.86,298.28,298.36,298.63,298.69,298.84,298.72,298.51,298.38,298.54,298.6,298.4,298.11,298.08,298.07,297.73,297.57,297.32,297.11,296.9,296.67,296.77,296.4,296.32,295.9,295.66,295.31,295.05,294.61,294.32,293.81,293.54,293.33,292.75,292.32,291.91,291.47,291.36,290.91,290.46,290.0,289.47,287.85,285.76,283.74,281.56,279.9,278.02,276.81,275.54,273.94,272.11,270.56,268.84,267.17,265.16,263.35,261.32,259.41,257.38,255.31,253.32,251.33,249.5,247.73,245.98,243.96,241.81,239.97,237.76,235.68,233.82,231.9,230.22
300.65,301.88,303.24,304.03,303.78,303.78,303.5,303.51,303.26,303.16,302.97,302.91,302.67,302.6,302.55,302.45,302.09,302.06,301.81,301.72,301.65,301.21,300.8,300.48,300.17,299.81,299.43,298.97,298.44,298.4,298.13,297.73,297.28,296.91,296.55,296.2,295.81,295.38,295.05,294.61,294.24,293.99,293.64,292.88,292.54,292.11,291.87,291.41,290.97,290.75,290.31,288.53,286.58,284.7,282.71,281.31,279.7,278.04,276.77,275.18,273.56,272.1,270.5,268.7,267.05,265.34,263.39,261.94,259.8,258.06,255.98,254.25,252.47,250.99,249.31,247.53,245.5,243.53,241.85,239.92,237.82,235.96,234.22
298.39,299.21,300.07,300.31,300.36,300.28,300.17,300.52,300.25,300.33,300.45,300.52,300.62,300.6,300.57,300.41,300.24,300.0,300.08,300.08,299.95,299.35,299.34,299.11,298.67,298.38,298.14,297.8,297.41,297.07,296.96,296.73,296.51,296.02,295.68,295.42,295.13,294.64,294.34,293.79,293.56,293.27,292.82,292.33,292.03,291.64,291.5,290.99,290.59,290.18,289.8,288.38,286.89,285.13,283.57,282.12,280.62,279.44,278.32,276.69,275.22,273.65,272.08,270.44,268.76,267.02,265.26,263.56,261.79,259.89,258.26,256.53,254.69,253.09,251.35,249.52,247.5,245.67,244.01,242.14,239.98,238.02,236.35
289.34,289.88,290.34,290.34,290.19,289.93,289.71,289.94,289.31,289.1,289.16,289.15,289.15,288.93,288.54,288.61,288.27,288.48,288.32,288.09,288.03,287.66,287.55,287.29,287.24,286.96,286.66,286.94,286.63,286.41,286.45,286.22,286.19,286.03,285.93,285.77,285.97,285.61,285.77,285.51,285.6,285.31,285.39,285.14,285.17,284.96,285.15,284.9,284.74,284.86,284.64,283.92,283.1,282.13,281.5,280.08,278.89,277.65,276.22,274.65,273.19,271.68,270.36,268.74,267.54,265.89,264.07,262.7,261.05,258.92,257.16,255.33,253.31,251.5,249.42,247.87,246.3,244.3,242.43,240.87,239.32,237.22,235.41
294.35,295.54,296.01,296.28,296.17,296.14,295.91,295.9,295.5,295.5,295.43,295.49,295.29,294.99,294.89,294.66,294.43,294.36,294.07,293.75,293.57,293.29,293.05,292.54,292.27,291.91,291.65,291.08,290.78,290.55,290.38,290.06,289.83,289.26,289.32,288.96,288.58,288.46,287.97,287.88,287.55,287.68,287.31,287.24,287.2,286.8,286.67,286.38,286.39,286.09,286.23,285.2,284.09,283.03,281.89,280.49,279.15,277.77,276.43,275.06,273.61,272.03,270.25,268.59,267.06,265.37,263.69,261.87,260.48,258.84,257.16,255.67,253.81,252.09,250.27,248.59,247.22,245.52,243.95,242.2,240.51,238.71,237.09
292.49,293.69,294.2,294.52,294.53,294.42,294.48,294.35,294.23,294.25,294.21,294.38,294.28,294.06,293.99,293.83,293.75,293.52,293.33,293.24,293.05,292.86,292.54,292.23,291.95,291.56,291.46,290.92,290.61,290.44,290.22,289.96,289.71,289.16,289.25,288.83,288.49,288.39,287.95,287.9,287.5,287.55,287.23,287.11,286.97,286.64,286.39,286.17,286.11,285.74,285.84,284.55,283.28,282.15,280.93,279.36,278.05,276.62,275.21,273.96,272.53,271.0,269.31,267.68,266.0,264.33,262.76,260.99,259.49,257.86,256.11,254.65,253.0,251.34,249.73,247.95,246.59,244.74,243.17,241.26,239.68,237.81,236.17
289.29,291.29,292.7,293.42,293.71,293.52,293.8,293.7,293.92,293.67,293.7,293.71,293.63,293.61,293.51,293.33,293.44,293.18,293.01,292.89,292.77,292.5,292.22,291.89,291.61,291.17,291.09,290.45,289.95,289.85,289.48,289.31,288.78,288.36,288.25,287.69,287.48,287.12,286.85,286.41,286.28,286.11,285.58,285.3,284.97,284.89,284.32,284.15,283.82,283.46,283.4,281.66,280.22,278.9,277.41,275.78,274.5,272.99,271.7,270.43,268.97,267.6,266.2,264.76,263.23,261.64,260.46,258.9,257.47,255.74,254.26,252.78,251.44,249.9,248.57,246.74,245.21,243.29,241.74,239.58,237.77,235.87,234.23
295.5,297.41,299.11,299.5,299.69,299.51,299.66,299.33,299.48,299.3,299.02,298.86,298.76,298.61,298.42,298.13,297.98,297.89,297.49,297.35,296.93,296.74,296.15,295.75,295.34,295.01,294.33,294.14,293.53,293.2,292.9,292.71,292.25,291.78,291.46,290.91,290.76,290.31,289.87,289.52,289.47,289.1,288.92,288.64,288.17,287.96,287.67,287.28,287.23,287.02,286.71,285.58,283.95,282.83,281.28,279.83,278.48,276.83,275.35,273.97,272.5,270.79,269.28,267.9,266.16,264.65,263.07,261.4,259.66,257.78,256.05,254.04,252.36,250.81,248.99,247.0,245.22,243.03,241.22,239.26,237.2,235.35,233.45
293.19,294.52,295.62,295.87,295.98,296.04,296.07,296.01,296.16,296.14,296.38,296.37,296.45,296.27,296.26,296.09,296.01,295.83,295.73,295.55,295.41,295.17,294.74,294.68,294.36,294.04,293.52,293.28,292.91,292.62,292.59,292.39,292.13,291.67,291.51,291.17,290.9,290.63,290.15,290.02,289.72,289.62,289.26,288.92,288.65,288.4,288.1,287.74,287.52,287.22,286.96,285.64,283.94,282.62,280.83,279.21,277.67,276.18,274.71,273.39,271.72,270.04,268.37,266.92,265.17,263.47,261.74,259.98,258.08,256.15,254.27,252.42,250.67,249.03,247.32,245.13,243.27,241.22,239.35,237.31,235.4,233.62,231.75
295.56,295.61,295.6,295.47,295.37,295.38,295.22,295.45,295.07,295.33,295.68,295.72,295.74,295.58,295.69,295.41,295.35,295.13,295.13,295.09,294.96,294.54,294.45,294.22,293.89,293.74,293.47,293.07,293.11,292.75,292.71,292.47,292.44,292.02,291.8,291.71,291.41,291.18,290.76,290.59,290.24,290.08,289.71,289.7,289.33,289.09,288.82,288.53,288.29,287.96,287.65,286.53,285.26,283.68,282.41,280.98,279.17,278.14,276.82,275.31,273.61,272.02,270.03,268.3,266.47,264.67,262.86,261.11,259.44,257.55,255.98,254.36,252.34,250.76,248.81,247.05,245.26,243.65,242.02,240.15,238.35,236.55,234.75
297.26,297.56,297.71,297.71,297.5,297.41,297.27,297.34,297.09,297.21,297.36,297.33,297.21,297.15,297.06,296.89,296.77,296.43,296.4,296.33,296.22,295.83,295.59,295.33,294.95,294.76,294.56,294.2,294.13,293.75,293.7,293.43,293.16,292.98,292.71,292.46,292.17,291.95,291.59,291.37,291.06,290.87,290.6,290.42,290.12,289.77,289.52,289.29,288.9,288.65,288.39,287.2,285.66,283.98,282.49,280.94,279.27,278.11,276.86,275.43,273.84,272.37,270.58,268.81,267.18,265.48,263.89,262.07,260.38,258.55,256.85,255.3,253.24,251.66,249.8,248.03,246.32,244.5,243.03,241.22,239.31,237.66,235.96
294.91,296.53,297.95,298.29,298.35,298.17,298.28,297.92,297.98,297.81,297.55,297.44,297.26,297.03,296.92,296.64,296.41,296.27,296.03,295.84,295.4,295.21,294.64,294.27,293.89,293.57,292.98,292.79,292.27,291.85,291.64,291.49,290.99,290.52,290.26,289.79,289.64,289.21,288.74,288.43,288.36,288.07,287.78,287.65,287.17,286.98,286.68,286.26,286.23,286.03,285.71,284.67,282.97,281.83,280.32,279.0,277.57,275.95,274.47,273.04,271.44,269.81,268.21,266.67,264.98,263.38,261.75,259.99,258.36,256.36,254.8,252.8,251.01,249.48,247.64,245.62,243.76,241.58,239.9,237.92,235.79,233.98,232.11
291.8,292.81,293.7,293.9,294.1,294.24,294.35,294.36,294.62,294.66,295.06,295.19,295.37,295.42,295.29,295.15,295.24,295.01,294.92,294.78,294.84,294.6,294.24,294.22,293.99,293.59,293.23,293.02,292.62,292.46,292.5,292.14,291.98,291.55,291.35,291.09,290.85,290.4,290.02,289.84,289.67,289.41,288.96,288.6,288.27,288.12,287.87,287.56,287.24,286.88,286.55,285.12,283.38,281.93,280.07,278.43,276.9,275.41,274.09,272.72,271.0,269.41,267.69,266.25,264.37,262.71,260.95,259.28,257.37,255.34,253.56,251.6,249.92,248.11,246.45,244.22,242.28,240.29,238.2,235.95,234.1,232.25,230.25
298.22,300.01,301.07,301.67,301.56,301.61,301.2,301.22,300.97,300.65,300.41,300.35,300.05,299.76,299.65,299.42,299.16,299.09,298.86,298.82,298.45,298.1,297.7,297.23,296.99,296.62,296.25,295.76,295.34,295.04,294.69,294.33,293.9,293.45,293.06,292.66,292.18,291.91,291.42,291.21,290.8,290.44,290.18,289.59,289.32,288.95,288.57,288.12,287.95,287.57,287.19,285.45,283.41,281.67,279.96,278.46,276.94,275.4,274.06,272.55,271.15,269.83,268.43,266.63,264.92,263.14,261.35,259.55,257.72,255.95,254.12,252.29,250.55,248.82,247.23,245.44,243.64,241.79,240.13,238.41,236.67,234.83,233.09
294.8,294.86,294.91,294.78,294.74,294.53,294.55,294.69,294.4,294.44,294.74,294.83,294.75,294.59,294.54,294.35,294.28,294.05,294.08,294.06,293.93,293.59,293.47,293.18,292.85,292.7,292.54,292.24,292.09,291.76,291.76,291.53,291.35,290.92,290.74,290.65,290.29,290.18,289.76,289.62,289.3,289.13,288.85,288.77,288.5,288.26,288.03,287.67,287.55,287.27,287.12,285.93,284.76,283.38,282.23,280.81,279.34,278.27,276.89,275.43,273.92,272.49,270.64,269.03,267.39,265.65,264.08,262.45,260.82,259.07,257.63,256.13,254.15,252.49,250.67,249.04,247.48,245.8,244.23,242.52,240.77,238.89,237.13
296.34,296.95,297.35,297.42,297.31,297.34,297.23,297.42,297.15,297.31,297.55,297.6,297.65,297.53,297.55,297.3,297.23,296.91,297.04,296.98,296.79,296.28,296.18,296.03,295.6,295.44,295.08,294.74,294.64,294.16,294.04,293.85,293.78,293.33,293.09,292.89,292.54,292.26,291.85,291.54,291.25,291.04,290.59,290.43,290.11,289.79,289.6,289.24,288.9,288.52,288.15,286.96,285.62,284.06,282.71,281.19,279.6,278.5,277.22,275.7,274.1,272.47,270.7,268.98,267.27,265.5,263.76,261.91,260.23,258.36,256.78,255.09,253.22,251.57,249.82,247.92,246.08,244.35,242.77,240.94,238.98,237.22,235.48
299.43,300.86,302.12,302.72,302.66,302.52,302.4,302.45,302.23,302.11,301.87,301.93,301.74,301.61,301.52,301.42,301.05,300.99,300.8,300.68,300.57,300.07,299.7,299.41,298.94,298.6,298.3,297.86,297.33,297.22,296.96,296.63,296.28,295.87,295.56,295.12,294.8,294.32,293.93,293.48,293.2,292.95,292.52,291.95,291.6,291.23,290.91,290.52,290.14,289.9,289.55,288.01,286.37,284.76,283.12,281.89,280.5,278.99,277.83,276.31,274.88,273.42,271.98,270.24,268.58,266.9,265.18,263.65,261.84,260.1,258.13,256.4,254.59,252.99,251.3,249.39,247.49,245.51,243.73,241.86,239.68,237.75,236.04
295.92,296.78,297.37,297.49,297.48,297.37,297.38,297.38,297.34,297.37,297.34,297.4,297.39,297.31,297.27,297.12,297.08,296.81,296.7,296.78,296.67,296.41,296.09,295.78,295.48,295.14,295.02,294.82,294.5,294.13,294.01,293.75,293.33,293.16,292.86,292.5,292.17,291.94,291.57,291.27,290.98,290.74,290.46,290.14,289.84,289.45,289.08,288.78,288.36,288.07,287.66,286.04,284.44,282.76,281.08,279.34,277.92,276.54,275.37,274.07,272.81,271.47,270.08,268.69,267.42,265.95,264.47,262.73,261.03,259.37,257.86,256.19,254.41,252.77,251.21,249.54,247.93,246.16,244.58,242.86,241.04,239.46,237.67
300.32,301.57,302.35,302.7,302.67,302.54,302.35,302.23,301.82,301.72,301.51,301.4,301.23,300.92,300.77,300.48,300.26,300.01,299.82,299.67,299.48,298.94,298.59,298.3,297.82,297.2,296.91,296.39,296.1,295.6,295.32,294.87,294.48,294.13,293.8,293.41,293.01,292.63,292.29,291.92,291.67,291.23,290.99,290.58,290.42,290.05,289.82,289.41,289.26,288.83,288.39,287.08,285.55,284.09,282.85,281.57,280.31,279.08,278.02,276.74,275.65,274.56,273.23,271.96,270.7,269.16,267.8,266.17,264.94,263.42,261.96,260.09,258.43,256.82,255.13,253.35,251.64,249.88,248.35,246.67,244.78,243.11,241.29
299.76,300.18,300.36,300.34,300.35,300.09,299.9,299.73,299.58,299.49,299.27,299.22,299.15,298.93,298.82,298.59,298.42,298.27,298.05,297.87,297.81,297.4,297.18,296.78,296.35,295.98,295.75,295.44,295.16,294.79,294.56,294.18,293.89,293.54,293.26,292.95,292.53,292.34,291.94,291.61,291.46,291.09,290.9,290.69,290.45,290.1,289.84,289.55,289.38,288.99,288.68,287.23,285.75,284.23,282.74,281.22,279.84,278.49,277.29,275.97,274.8,273.52,272.27,271.1,269.94,268.52,267.19,265.39,264.08,262.45,261.01,259.35,257.65,256.14,254.31,252.58,250.96,249.19,247.48,245.92,244.04,242.46,240.68
300.91,301.36,301.51,301.49,301.26,301.23,300.94,300.84,300.61,300.47,300.36,300.26,300.23,299.96,299.74,299.54,299.5,299.36,299.33,299.14,298.97,298.59,298.3,297.95,297.65,297.19,296.85,296.57,296.15,295.81,295.53,295.15,294.82,294.34,294.13,293.81,293.26,293.08,292.58,292.27,292.11,291.7,291.41,291.09,290.91,290.49,290.3,289.89,289.77,289.39,289.02,287.38,286.1,284.55,282.69,281.04,279.6,278.18,276.83,275.21,273.88,272.72,271.52,270.49,269.28,267.91,266.38,264.94,263.35,262.13,260.53,259.11,257.38,255.71,253.99,252.29,250.51,248.8,247.3,245.77,243.98,242.4,240.67
298.28,298.21,298.11,297.84,297.79,297.4,297.31,297.22,297.02,296.99,296.93,296.94,296.78,296.8,296.81,296.59,296.52,296.3,296.16,296.15,296.16,295.84,295.56,295.5,295.21,294.92,294.81,294.58,294.47,294.18,294.05,293.71,293.47,293.26,293.09,292.84,292.42,292.29,291.97,291.8,291.47,291.17,291.09,290.84,290.69,290.31,290.04,289.73,289.55,289.22,289.06,287.56,286.33,284.92,283.44,282.03,280.67,279.4,278.13,276.85,275.56,274.29,272.86,271.53,270.41,268.95,267.55,265.85,264.29,262.68,261.24,259.72,258.08,256.37,254.54,252.97,251.39,249.67,248.05,246.34,244.56,242.93,241.01
300.34,301.23,301.76,302.01,301.95,301.71,301.52,301.51,301.12,300.99,300.79,300.72,300.52,300.31,300.16,299.9,299.7,299.42,299.25,299.14,298.98,298.42,298.12,297.83,297.39,296.86,296.61,296.05,295.81,295.36,295.08,294.72,294.34,294.02,293.64,293.32,292.88,292.62,292.25,291.92,291.66,291.3,291.09,290.71,290.55,290.24,290.0,289.65,289.46,289.06,288.74,287.41,285.96,284.52,283.27,281.97,280.74,279.59,278.54,277.23,276.09,274.93,273.58,272.22,271.01,269.47,268.13,266.46,265.11,263.61,262.12,260.3,258.64,256.99,255.26,253.58,251.84,250.13,248.57,246.91,245.01,243.34,241.53
304.41,304.51,304.76,304.54,304.46,304.35,304.1,304.12,303.88,303.82,303.52,303.47,303.27,303.06,302.98,302.82,302.72,302.45,302.2,302.06,301.94,301.45,301.19,300.71,300.4,299.89,299.47,299.1,298.69,298.29,297.94,297.43,297.14,296.78,296.37,296.19,295.64,295.31,294.96,294.54,294.34,293.9,293.73,293.36,293.06,292.77,292.59,292.35,291.95,291.62,291.34,289.83,288.57,287.34,286.09,284.71,283.58,282.33,280.96,279.61,278.24,276.89,275.52,274.13,272.88,271.56,270.08,268.64,267.11,265.81,264.37,262.87,261.42,259.74,258.19,256.44,255.03,253.37,251.62,250.16,248.21,246.55,244.62
302.9,302.95,302.98,302.85,302.7,302.56,302.4,302.36,302.15,302.06,301.89,301.81,301.64,301.56,301.51,301.41,301.33,301.18,301.05,300.85,300.78,300.48,300.26,299.84,299.59,299.1,298.81,298.53,298.16,297.65,297.41,297.09,296.68,296.43,296.03,295.85,295.36,295.07,294.7,294.34,294.03,293.69,293.45,293.06,292.88,292.56,292.32,291.89,291.62,291.28,291.01,289.51,288.32,287.0,285.55,284.16,282.78,281.46,280.01,278.53,277.07,275.81,274.42,272.89,271.76,270.44,269.01,267.53,265.93,264.63,263.2,261.75,260.27,258.72,257.05,255.45,254.08,252.39,250.76,249.3,247.49,245.7,243.99
300.8,300.96,301.11,301.04,300.96,300.67,300.57,300.53,300.07,300.08,299.97,299.81,299.67,299.57,299.67,299.31,299.23,299.11,298.84,298.75,298.78,298.38,298.11,297.92,297.63,297.15,296.87,296.61,296.37,296.02,295.77,295.38,295.12,294.73,294.61,294.3,293.84,293.64,293.37,293.04,292.8,292.46,292.36,292.05,291.95,291.68,291.45,291.11,290.95,290.63,290.27,289.04,287.84,286.49,285.21,283.93,282.57,281.34,280.15,278.87,277.67,276.38,275.12,273.83,272.9,271.54,270.15,268.45,267.04,265.52,264.12,262.32,260.71,259.21,257.35,255.72,254.16,252.52,250.81,249.09,247.26,245.49,243.63
301.97,302.6,303.28,303.52,303.52,303.23,303.25,303.23,302.85,302.82,302.6,302.55,302.35,302.11,302.19,301.76,301.69,301.44,301.18,301.04,301.04,300.51,300.19,299.82,299.41,298.81,298.44,298.03,297.51,297.17,296.83,296.62,296.14,295.74,295.36,295.07,294.67,294.39,294.08,293.71,293.33,293.05,292.87,292.51,292.31,292.14,291.87,291.54,291.32,291.08,290.75,289.79,288.67,287.38,286.29,285.37,284.13,283.05,281.86,280.58,279.38,278.03,276.56,274.96,273.89,272.44,271.0,269.32,267.94,266.32,264.86,263.05,261.31,259.94,258.16,256.39,254.67,253.04,251.33,249.46,247.71,245.7,244.06
297.99,297.82,297.68,297.25,297.02,297.14,296.82,297.02,296.77,296.74,297.04,296.91,296.9,296.82,296.87,296.82,296.86,296.74,296.83,296.6,296.72,296.59,296.37,296.43,296.28,295.97,295.8,295.74,295.61,295.64,295.69,295.31,295.03,294.63,294.87,294.77,294.28,294.13,293.95,293.83,293.61,293.4,293.44,293.02,293.22,292.92,292.81,292.46,292.2,291.97,291.85,290.76,289.78,288.44,287.1,285.57,283.92,282.78,281.08,279.79,278.28,276.65,274.88,273.53,272.32,270.89,269.18,267.46,265.69,264.0,262.7,261.21,259.09,257.48,255.62,253.75,252.39,250.48,249.03,247.16,245.36,243.43,241.46
299.91,299.98,299.91,299.72,299.66,299.49,299.31,299.35,298.98,299.05,298.94,298.81,298.8,298.74,298.79,298.68,298.76,298.69,298.46,298.49,298.45,298.22,298.17,297.9,297.67,297.38,297.17,297.05,296.65,296.38,296.15,295.82,295.53,295.14,294.9,294.69,294.22,294.01,293.67,293.27,293.07,292.8,292.47,292.24,292.11,291.87,291.61,291.3,291.01,290.66,290.28,289.04,287.83,286.57,285.36,284.1,282.67,281.43,280.15,278.96,277.77,276.51,275.27,274.06,273.11,271.8,270.47,268.85,267.36,265.92,264.5,262.95,261.26,259.97,258.11,256.62,255.06,253.25,251.68,249.9,247.96,246.17,244.28
296.78,296.69,296.53,296.31,296.12,295.91,295.82,295.85,295.63,295.55,295.69,295.37,295.54,295.41,295.45,295.42,295.56,295.45,295.39,295.35,295.28,295.22,295.24,295.0,294.94,294.64,294.57,294.29,294.19,293.92,293.74,293.45,293.21,292.84,292.76,292.69,292.35,292.03,291.89,291.64,291.45,291.29,291.26,290.99,290.94,290.86,290.7,290.36,290.15,289.96,289.72,288.59,287.78,286.77,285.62,284.21,282.85,281.51,280.09,278.77,277.51,276.0,274.82,273.41,272.43,270.99,269.42,267.97,266.39,264.87,263.4,261.93,259.97,258.51,256.73,255.24,253.95,252.34,250.78,248.78,247.15,245.03,242.87
300.27,300.76,301.08,300.98,300.89,300.81,300.63,300.59,300.06,300.04,300.01,299.62,299.6,299.41,299.35,299.11,299.17,299.03,298.73,298.65,298.57,298.24,298.11,297.61,297.36,296.94,296.64,296.35,295.85,295.56,295.19,294.7,294.45,293.94,293.99,293.56,293.06,292.86,292.55,292.19,292.08,291.92,291.59,291.24,291.28,291.22,291.03,290.77,290.66,290.3,289.93,289.27,288.37,287.37,286.45,285.33,284.08,282.86,281.74,280.52,279.41,278.03,276.81,275.52,274.67,273.28,271.8,270.21,268.92,267.4,265.98,264.09,262.14,260.82,258.84,257.33,255.81,254.13,252.46,250.55,248.62,246.82,244.74
302.73,302.83,302.88,302.83,302.75,302.52,302.29,302.31,301.96,301.94,301.68,301.61,301.44,301.33,301.23,301.05,300.96,300.89,300.6,300.42,300.39,299.98,299.75,299.32,299.04,298.54,298.18,297.93,297.43,297.08,296.82,296.47,296.12,295.75,295.43,295.17,294.71,294.41,294.09,293.69,293.41,293.06,292.84,292.57,292.35,292.03,291.86,291.4,291.21,290.96,290.64,289.28,288.17,286.75,285.4,284.13,282.75,281.48,280.06,278.7,277.34,276.1,274.76,273.31,272.22,270.96,269.48,267.98,266.49,265.15,263.69,262.24,260.72,259.19,257.54,255.9,254.39,252.82,251.1,249.61,247.7,245.96,244.21
300.18,300.49,300.73,300.6,300.51,300.39,300.09,300.04,299.74,299.64,299.43,299.16,299.17,298.99,298.78,298.6,298.7,298.48,298.28,298.14,297.94,297.54,297.38,296.9,296.54,296.16,295.81,295.38,294.86,294.55,294.23,293.79,293.53,293.13,292.85,292.56,292.11,291.81,291.44,291.13,290.91,290.69,290.33,290.04,289.99,289.84,289.71,289.45,289.23,288.97,288.66,287.8,286.97,286.03,285.11,284.0,283.08,281.89,280.55,279.44,278.26,276.99,275.7,274.41,273.37,272.08,270.53,269.15,267.84,266.45,264.94,263.4,261.67,260.19,258.42,256.89,255.31,253.62,252.01,250.14,248.24,246.34,244.34
305.24,305.58,306.03,306.04,305.96,305.84,305.65,305.57,305.27,305.17,304.93,304.73,304.53,304.31,304.21,304.0,303.87,303.59,303.42,303.15,303.08,302.56,302.17,301.72,301.35,300.8,300.45,299.99,299.56,299.08,298.77,298.22,297.89,297.5,297.11,296.88,296.34,296.0,295.53,295.16,294.87,294.52,294.19,293.79,293.55,293.2,292.96,292.68,292.34,291.95,291.62,290.14,288.85,287.6,286.3,284.88,283.68,282.36,281.0,279.62,278.2,276.94,275.52,274.19,272.93,271.67,270.18,268.76,267.28,265.96,264.57,262.97,261.49,259.89,258.29,256.61,255.17,253.43,251.74,250.23,248.46,246.74,244.9
302.26,302.34,302.36,302.17,302.15,301.96,301.78,301.74,301.46,301.47,301.33,301.16,301.1,300.98,301.0,300.88,300.9,300.77,300.59,300.58,300.46,300.16,300.06,299.65,299.43,299.04,298.78,298.54,298.01,297.74,297.38,297.08,296.7,296.3,296.03,295.82,295.23,295.04,294.65,294.33,294.02,293.74,293.37,293.02,292.87,292.64,292.41,292.04,291.72,291.39,290.99,289.8,288.6,287.42,286.3,285.14,283.87,282.66,281.25,279.99,278.74,277.49,276.2,274.76,273.73,272.35,270.98,269.45,267.85,266.47,265.04,263.52,261.94,260.49,258.8,257.19,255.63,253.86,252.23,250.58,248.68,246.88,245.02
303.28,303.53,303.81,303.7,303.69,303.42,303.29,303.23,302.87,302.88,302.67,302.46,302.37,302.1,302.13,301.95,301.9,301.76,301.45,301.48,301.31,300.85,300.64,300.15,299.88,299.46,299.07,298.68,298.14,297.88,297.47,297.18,296.74,296.31,295.99,295.74,295.15,294.91,294.54,294.19,293.87,293.61,293.21,292.88,292.72,292.47,292.32,291.99,291.69,291.39,290.96,289.91,288.77,287.67,286.68,285.6,284.47,283.31,281.94,280.72,279.5,278.21,276.89,275.44,274.39,272.95,271.52,270.05,268.5,267.13,265.62,264.07,262.51,260.99,259.4,257.71,256.05,254.34,252.66,250.99,249.06,247.28,245.36
300.83,300.62,300.34,300.03,299.91,299.76,299.54,299.62,299.36,299.32,299.33,299.16,299.13,299.19,299.22,299.26,299.25,299.22,299.19,299.14,299.03,298.99,299.06,298.77,298.61,298.43,298.26,298.17,297.76,297.57,297.29,296.96,296.63,296.38,296.03,295.88,295.41,295.23,294.82,294.46,294.23,294.0,293.57,293.3,293.16,292.98,292.66,292.4,292.01,291.65,291.32,289.94,288.67,287.54,286.41,285.15,283.71,282.42,281.11,279.92,278.65,277.43,276.15,274.96,273.87,272.53,271.28,269.75,268.16,266.77,265.37,263.93,262.35,260.96,259.25,257.75,256.26,254.39,252.78,251.1,249.18,247.38,245.43
301.26,301.03,300.81,300.55,300.41,300.17,299.89,299.95,299.68,299.56,299.43,299.31,299.2,299.19,299.07,299.05,299.02,298.91,298.9,298.74,298.59,298.45,298.35,298.01,297.77,297.51,297.28,297.08,296.68,296.4,296.08,295.78,295.47,295.22,294.83,294.74,294.27,294.1,293.73,293.42,293.12,292.86,292.53,292.29,292.17,292.01,291.75,291.49,291.15,290.76,290.58,289.33,288.24,287.21,286.18,285.07,283.81,282.65,281.28,280.01,278.76,277.55,276.27,274.97,273.91,272.54,271.2,269.8,268.24,266.89,265.47,263.98,262.41,260.88,259.18,257.65,256.1,254.3,252.61,250.94,249.01,247.17,245.18
298.73,298.43,298.24,297.94,297.79,297.38,297.31,297.29,297.22,297.05,296.92,296.85,296.79,296.75,296.54,296.64,296.64,296.45,296.42,296.41,296.21,296.11,295.96,295.6,295.41,295.15,294.96,294.75,294.55,294.07,293.93,293.6,293.46,293.22,292.71,292.69,292.38,292.14,291.77,291.6,291.21,290.89,290.69,290.63,290.47,290.22,290.0,289.7,289.45,289.14,289.06,287.74,286.7,285.82,284.62,283.35,282.23,281.05,279.59,278.33,277.08,275.96,274.68,273.34,272.14,270.76,269.33,267.9,266.43,264.99,263.65,262.17,260.64,259.2,257.36,255.77,254.34,252.65,251.01,249.17,247.29,245.41,243.43
303.21,303.58,304.01,304.09,304.04,303.76,303.7,303.55,303.26,303.14,302.95,302.79,302.6,302.4,302.38,302.11,301.99,301.8,301.52,301.44,301.3,300.8,300.39,299.95,299.57,299.04,298.63,298.21,297.75,297.33,297.01,296.64,296.21,295.85,295.46,295.24,294.69,294.37,293.99,293.61,293.23,292.9,292.56,292.22,291.99,291.64,291.5,291.16,290.86,290.52,290.2,288.94,287.83,286.68,285.63,284.45,283.33,282.16,280.76,279.5,278.17,277.01,275.58,274.14,273.02,271.76,270.24,268.84,267.44,266.15,264.65,263.21,261.74,260.13,258.57,256.91,255.37,253.72,251.95,250.44,248.62,246.81,244.98
300.69,300.54,300.4,300.16,300.09,299.91,299.77,299.72,299.62,299.54,299.42,299.39,299.32,299.33,299.33,299.26,299.23,299.2,299.11,299.02,298.91,298.77,298.67,298.35,298.08,297.8,297.59,297.41,297.14,296.69,296.51,296.19,295.84,295.62,295.14,295.14,294.62,294.4,293.98,293.65,293.39,293.05,292.75,292.52,292.26,291.98,291.71,291.33,290.99,290.61,290.37,288.82,287.58,286.38,284.99,283.58,282.19,280.89,279.47,278.1,276.76,275.56,274.2,272.89,271.76,270.41,269.08,267.61,266.02,264.63,263.23,261.88,260.38,258.85,257.12,255.57,254.16,252.43,250.81,249.26,247.33,245.53,243.74
302.59,302.62,302.56,302.38,302.28,302.14,301.97,301.96,301.83,301.76,301.6,301.56,301.45,301.38,301.39,301.36,301.27,301.17,301.05,300.93,300.88,300.64,300.48,300.07,299.88,299.4,299.17,298.94,298.59,298.16,297.9,297.55,297.19,296.93,296.49,296.42,295.86,295.6,295.15,294.86,294.55,294.21,293.95,293.51,293.33,292.98,292.73,292.37,291.96,291.64,291.36,289.79,288.52,287.27,285.77,284.36,283.03,281.67,280.24,278.79,277.37,276.09,274.69,273.21,272.08,270.73,269.33,267.84,266.17,264.83,263.44,261.98,260.54,258.97,257.34,255.72,254.39,252.66,251.01,249.57,247.67,245.92,244.19
301.67,301.4,301.27,300.87,300.78,300.61,300.33,300.54,300.33,300.27,300.13,300.11,299.96,299.94,299.92,299.92,299.86,299.75,299.62,299.6,299.43,299.25,299.16,298.81,298.66,298.29,298.03,297.78,297.48,297.17,296.86,296.46,296.21,295.96,295.49,295.42,294.97,294.68,294.33,294.0,293.77,293.38,293.12,292.86,292.59,292.37,292.2,291.89,291.47,291.21,290.99,289.47,288.2,287.1,285.97,284.67,283.47,282.27,280.88,279.66,278.38,277.05,275.73,274.35,273.2,271.87,270.47,269.07,267.57,266.22,264.82,263.4,261.94,260.43,258.92,257.2,255.78,254.0,252.37,250.81,248.7,246.9,245.08
